Ref,Val,Package,PosX,PosY,Rot,Side
"C5","4.7uF","C_1210_3225Metric",9.956800,-12.703000,270.000000,bottom
"J3","Micro_SD_Card_Det","microSD_HC_Hirose_DM3D-SF",23.514400,-18.707200,180.000000,bottom
"Q1","IRLML6244TR","SOT-23_Handsoldering",6.184900,-22.582000,90.000000,bottom
"Q2","IRLML6244TR","SOT-23_Handsoldering",9.718000,-22.579200,90.000000,bottom
"Q3","IRLML6244TR","SOT-23_Handsoldering",19.291300,-2.743200,270.000000,bottom
"Q4","IRLML6244TR","SOT-23_Handsoldering",15.798800,-2.741800,270.000000,bottom
"U1","AMS1117-3.3","SOT-223-3_TabPin2",6.871100,-6.948200,0.000000,bottom
